epoch,time,train/box_loss,train/cls_loss,train/dfl_loss,metrics/precision(B),metrics/recall(B),metrics/mAP50(B),metrics/mAP50-95(B),val/box_loss,val/cls_loss,val/dfl_loss,lr/pg0,lr/pg1,lr/pg2
1,179.579,2.20189,2.28584,1.17207,0.24489,0.16641,0.10677,0.04481,2.12966,2.45825,1.12532,0.000657143,0.000657143,0.000657143
2,353.227,2.12544,1.69574,1.11261,0.30875,0.25692,0.18605,0.08175,2.03761,1.99551,1.11751,0.00131726,0.00131726,0.00131726
3,509.051,2.12993,1.63324,1.12385,0.3624,0.28516,0.22545,0.09165,2.1434,2.00853,1.13276,0.00197077,0.00197077,0.00197077
4,887.883,2.11325,1.58903,1.11432,0.43259,0.31775,0.28103,0.11143,2.11209,1.64624,1.12421,0.0019703,0.0019703,0.0019703
5,936.258,2.09165,1.56965,1.10564,0.40116,0.32331,0.26884,0.10609,2.10371,1.62621,1.09861,0.0019604,0.0019604,0.0019604
6,1015.45,2.0743,1.55761,1.11038,0.35121,0.29811,0.2305,0.08316,2.14803,1.7432,1.10256,0.0019505,0.0019505,0.0019505
7,1109.17,2.07498,1.55699,1.10318,0.41989,0.32627,0.28731,0.1167,2.02035,1.64476,1.08718,0.0019406,0.0019406,0.0019406
8,1268.47,2.03299,1.512,1.09693,0.40825,0.31254,0.28306,0.11798,2.05329,1.54869,1.09776,0.0019307,0.0019307,0.0019307
9,1358.36,2.02895,1.4968,1.08499,0.44341,0.3393,0.31236,0.12473,2.02019,1.70175,1.08461,0.0019208,0.0019208,0.0019208
10,1431.9,2.02702,1.47629,1.0863,0.45204,0.33969,0.31861,0.12827,2.02345,1.5267,1.07378,0.0019109,0.0019109,0.0019109
11,1542.22,2.01707,1.48816,1.08144,0.4327,0.33078,0.30157,0.12881,2.01546,1.62063,1.08382,0.001901,0.001901,0.001901
12,1611.66,1.99793,1.46216,1.08568,0.45245,0.34734,0.3186,0.1277,2.01652,1.52843,1.08689,0.0018911,0.0018911,0.0018911
13,1680.62,2.0136,1.47192,1.08231,0.45227,0.34212,0.32012,0.13203,1.99383,1.52166,1.07895,0.0018812,0.0018812,0.0018812
14,1765.84,1.98326,1.46006,1.07384,0.47819,0.35677,0.34232,0.14319,1.97118,1.44053,1.06887,0.0018713,0.0018713,0.0018713
15,1815.22,1.98319,1.43163,1.06838,0.47838,0.34525,0.33652,0.14,1.96311,1.44602,1.09589,0.0018614,0.0018614,0.0018614
16,1896.39,1.98332,1.44413,1.07372,0.44868,0.34352,0.31345,0.13201,1.98623,1.52658,1.09439,0.0018515,0.0018515,0.0018515
17,2011.02,1.99276,1.44381,1.07434,0.45526,0.34482,0.31989,0.1357,1.97314,1.46024,1.07229,0.0018416,0.0018416,0.0018416
18,2092.27,1.97646,1.43939,1.07262,0.47667,0.35681,0.33791,0.14229,1.95972,1.43559,1.06846,0.0018317,0.0018317,0.0018317
19,2242.44,1.95936,1.4177,1.07181,0.48254,0.36107,0.35167,0.14942,1.93776,1.41732,1.0621,0.0018218,0.0018218,0.0018218
20,2323.68,1.96084,1.40688,1.06938,0.45282,0.34577,0.32322,0.13543,1.97419,1.49896,1.06675,0.0018119,0.0018119,0.0018119
21,2415.81,1.95001,1.39194,1.06471,0.47682,0.35811,0.3432,0.14497,1.92989,1.43575,1.06228,0.001802,0.001802,0.001802
22,2485.98,1.95576,1.41674,1.07101,0.46894,0.35182,0.34046,0.14194,1.94124,1.43984,1.05594,0.0017921,0.0017921,0.0017921
23,2568.01,1.95028,1.39636,1.06194,0.46805,0.35894,0.34339,0.14362,1.93644,1.44465,1.06264,0.0017822,0.0017822,0.0017822
24,2639.84,1.93579,1.3801,1.05548,0.45768,0.36355,0.33367,0.14205,1.93436,1.53771,1.06318,0.0017723,0.0017723,0.0017723
25,2800.96,1.95021,1.39486,1.07169,0.46835,0.36411,0.34221,0.14616,1.93273,1.46824,1.06942,0.0017624,0.0017624,0.0017624
26,2887.58,1.92917,1.37749,1.05933,0.49557,0.37124,0.3619,0.15358,1.91653,1.38998,1.06647,0.0017525,0.0017525,0.0017525
27,2942.01,1.92393,1.37287,1.05767,0.44987,0.35629,0.33072,0.13154,1.98943,1.48645,1.07244,0.0017426,0.0017426,0.0017426
28,3029.03,1.92782,1.36712,1.04976,0.485,0.36541,0.35385,0.15003,1.90747,1.43439,1.07157,0.0017327,0.0017327,0.0017327
29,3118.06,1.92097,1.37654,1.05252,0.48307,0.35307,0.34602,0.15001,1.92234,1.42133,1.06102,0.0017228,0.0017228,0.0017228
30,3187.16,1.91057,1.36831,1.05828,0.47825,0.34838,0.34065,0.14161,1.92514,1.45506,1.06863,0.0017129,0.0017129,0.0017129
31,3248.87,1.91206,1.36776,1.0535,0.49362,0.37202,0.35702,0.15241,1.9224,1.40004,1.05365,0.001703,0.001703,0.001703
32,3351.93,1.91233,1.34662,1.04986,0.49728,0.37645,0.3696,0.1593,1.88375,1.35883,1.05592,0.0016931,0.0016931,0.0016931
33,3526.44,1.8963,1.34277,1.05831,0.48967,0.38185,0.36916,0.15776,1.89323,1.38205,1.05833,0.0016832,0.0016832,0.0016832
34,3598.26,1.90804,1.36181,1.05136,0.47288,0.36754,0.35046,0.14832,1.92484,1.42238,1.05941,0.0016733,0.0016733,0.0016733
35,3672.27,1.89263,1.34466,1.05081,0.50917,0.37662,0.37337,0.16247,1.86579,1.35327,1.04483,0.0016634,0.0016634,0.0016634
36,3752.57,1.90931,1.34462,1.04204,0.46945,0.35911,0.34836,0.14235,1.96639,1.42449,1.0537,0.0016535,0.0016535,0.0016535
37,3904.03,1.88897,1.34044,1.04277,0.47913,0.3642,0.3534,0.14562,1.91972,1.40397,1.04165,0.0016436,0.0016436,0.0016436
38,4017.09,1.89461,1.3367,1.04348,0.49866,0.3836,0.37263,0.1592,1.88415,1.3664,1.05163,0.0016337,0.0016337,0.0016337
39,4105.06,1.88147,1.32943,1.03903,0.50674,0.37302,0.36918,0.15982,1.88017,1.38405,1.05589,0.0016238,0.0016238,0.0016238
40,4262.93,1.87739,1.33117,1.04509,0.48428,0.37684,0.36543,0.15628,1.87058,1.38155,1.04913,0.0016139,0.0016139,0.0016139
41,4316.51,1.90369,1.33097,1.04451,0.50294,0.37967,0.37273,0.15901,1.88655,1.36696,1.05259,0.001604,0.001604,0.001604
42,4419.56,1.87582,1.30762,1.03887,0.49532,0.37749,0.36961,0.16204,1.87398,1.38594,1.04566,0.0015941,0.0015941,0.0015941
43,4501.22,1.87429,1.29938,1.0433,0.47988,0.37844,0.35843,0.15616,1.88365,1.42329,1.05284,0.0015842,0.0015842,0.0015842
44,4562.5,1.87542,1.32532,1.04657,0.50788,0.37701,0.37606,0.16222,1.87399,1.34055,1.0537,0.0015743,0.0015743,0.0015743
45,4703.27,1.85167,1.29126,1.03732,0.50837,0.38149,0.37383,0.15768,1.88393,1.3638,1.04307,0.0015644,0.0015644,0.0015644
46,4760.12,1.87801,1.30033,1.03759,0.50578,0.38566,0.37485,0.16168,1.87954,1.35916,1.04389,0.0015545,0.0015545,0.0015545
47,4859.82,1.85382,1.29191,1.03376,0.50037,0.36802,0.36327,0.16056,1.87806,1.35748,1.05403,0.0015446,0.0015446,0.0015446
48,4959.77,1.86399,1.30174,1.04142,0.50158,0.37754,0.37299,0.15898,1.89367,1.36762,1.04319,0.0015347,0.0015347,0.0015347
49,5029.22,1.85837,1.27932,1.03907,0.48081,0.35512,0.34843,0.14873,1.93068,1.40788,1.06556,0.0015248,0.0015248,0.0015248
50,5131.97,1.86655,1.30326,1.04124,0.49354,0.3821,0.36829,0.16039,1.86092,1.36837,1.04633,0.0015149,0.0015149,0.0015149
51,5205.43,1.85409,1.29618,1.03322,0.50491,0.38862,0.38163,0.16361,1.85837,1.37116,1.04185,0.001505,0.001505,0.001505
52,5276.25,1.83989,1.27609,1.03346,0.50505,0.37562,0.37314,0.163,1.8701,1.35181,1.05418,0.0014951,0.0014951,0.0014951
53,5366.84,1.85501,1.27592,1.03219,0.49803,0.38805,0.37818,0.1594,1.87165,1.34882,1.04123,0.0014852,0.0014852,0.0014852
54,5593.64,1.84101,1.27856,1.035,0.5108,0.3894,0.38574,0.16467,1.84427,1.35772,1.04529,0.0014753,0.0014753,0.0014753
55,5679.73,1.84015,1.28249,1.03223,0.5152,0.38792,0.38285,0.16773,1.84622,1.33181,1.04427,0.0014654,0.0014654,0.0014654
56,5741.74,1.8365,1.27616,1.02725,0.50499,0.37645,0.37173,0.16672,1.84348,1.33621,1.05319,0.0014555,0.0014555,0.0014555
57,5833.45,1.83639,1.28038,1.03262,0.51319,0.39457,0.38565,0.16623,1.86481,1.32427,1.0481,0.0014456,0.0014456,0.0014456
58,5958.99,1.83827,1.27339,1.02575,0.5082,0.38414,0.37824,0.16847,1.84512,1.32471,1.04819,0.0014357,0.0014357,0.0014357
59,6013.48,1.83331,1.25769,1.03297,0.50163,0.37958,0.37863,0.16152,1.86818,1.3443,1.04365,0.0014258,0.0014258,0.0014258
60,6110.75,1.82977,1.26267,1.02795,0.49338,0.36806,0.36861,0.15573,1.87854,1.40799,1.0449,0.0014159,0.0014159,0.0014159
61,6259.23,1.82052,1.24336,1.02588,0.51325,0.3771,0.37682,0.16267,1.87676,1.3527,1.05366,0.001406,0.001406,0.001406
62,6310.16,1.82712,1.26199,1.02745,0.52171,0.38844,0.38894,0.1698,1.83796,1.3275,1.0334,0.0013961,0.0013961,0.0013961
63,6430.23,1.81485,1.25893,1.02474,0.51367,0.39248,0.3843,0.16853,1.82833,1.33406,1.04301,0.0013862,0.0013862,0.0013862
64,6543.37,1.81166,1.24307,1.02156,0.50535,0.38206,0.3792,0.16553,1.8581,1.35708,1.04283,0.0013763,0.0013763,0.0013763
65,6650.65,1.81039,1.23344,1.01939,0.51416,0.3867,0.38596,0.16812,1.84186,1.33913,1.04523,0.0013664,0.0013664,0.0013664
66,6732.22,1.81326,1.24704,1.0231,0.50047,0.38979,0.37862,0.16657,1.84831,1.31987,1.04177,0.0013565,0.0013565,0.0013565
67,6841.27,1.8134,1.23486,1.0222,0.5193,0.395,0.38617,0.16678,1.86107,1.34079,1.04503,0.0013466,0.0013466,0.0013466
68,6906.53,1.80256,1.23078,1.01921,0.50489,0.39357,0.38542,0.16791,1.85201,1.32246,1.04689,0.0013367,0.0013367,0.0013367
69,6993.94,1.82237,1.24746,1.03024,0.50771,0.38842,0.38078,0.16299,1.86208,1.33827,1.04312,0.0013268,0.0013268,0.0013268
70,7051.66,1.81557,1.23589,1.01645,0.50898,0.38887,0.38258,0.16939,1.83213,1.3201,1.03654,0.0013169,0.0013169,0.0013169
71,7107.87,1.82299,1.24219,1.02159,0.5051,0.39944,0.38981,0.17175,1.84131,1.3241,1.03716,0.001307,0.001307,0.001307
72,7181.76,1.80917,1.23099,1.01628,0.50744,0.38723,0.38133,0.16319,1.86678,1.32506,1.04293,0.0012971,0.0012971,0.0012971
73,7286.61,1.81513,1.24711,1.02154,0.51362,0.38857,0.38711,0.16884,1.84816,1.32564,1.03575,0.0012872,0.0012872,0.0012872
74,7377.21,1.80712,1.22535,1.01416,0.51308,0.38879,0.3867,0.16855,1.85673,1.33364,1.04441,0.0012773,0.0012773,0.0012773
75,7444.21,1.80962,1.22236,1.019,0.51714,0.39483,0.39413,0.17166,1.83469,1.31541,1.03682,0.0012674,0.0012674,0.0012674
76,7621.47,1.79201,1.20929,1.01356,0.51662,0.38827,0.39019,0.17398,1.83161,1.29819,1.03643,0.0012575,0.0012575,0.0012575
77,7681.26,1.79138,1.21266,1.01611,0.5085,0.39501,0.38753,0.16754,1.85922,1.31489,1.03723,0.0012476,0.0012476,0.0012476
78,7736.06,1.79943,1.21044,1.01397,0.52132,0.39244,0.3943,0.17248,1.84245,1.29972,1.03601,0.0012377,0.0012377,0.0012377
79,7802.71,1.79462,1.22161,1.01417,0.52139,0.38975,0.39397,0.17061,1.85051,1.31441,1.03775,0.0012278,0.0012278,0.0012278
80,7929.22,1.79628,1.20514,1.01324,0.5193,0.39757,0.39287,0.17096,1.8463,1.31415,1.04574,0.0012179,0.0012179,0.0012179
81,7972.33,1.79564,1.20365,1.01928,0.50601,0.39735,0.38523,0.16635,1.85788,1.36649,1.04302,0.001208,0.001208,0.001208
82,8071.47,1.79152,1.19212,1.01012,0.51852,0.38931,0.39111,0.17534,1.8327,1.30391,1.03861,0.0011981,0.0011981,0.0011981
83,8143.22,1.77662,1.18867,1.01043,0.50964,0.3887,0.38432,0.16679,1.85491,1.33362,1.04018,0.0011882,0.0011882,0.0011882
84,8255.4,1.79113,1.18824,1.00596,0.50633,0.39079,0.38533,0.17052,1.84101,1.30238,1.04217,0.0011783,0.0011783,0.0011783
85,8376.43,1.78502,1.18754,1.01229,0.5177,0.40065,0.39355,0.172,1.84548,1.29576,1.04031,0.0011684,0.0011684,0.0011684
86,8470.45,1.78236,1.19456,1.00547,0.52011,0.39509,0.39366,0.17138,1.84329,1.30943,1.03758,0.0011585,0.0011585,0.0011585
87,8522.92,1.77526,1.19086,1.00375,0.50612,0.39509,0.3851,0.16631,1.86836,1.32162,1.04333,0.0011486,0.0011486,0.0011486
88,8576.23,1.7598,1.1743,1.0067,0.51688,0.39353,0.38919,0.17209,1.84112,1.32596,1.04005,0.0011387,0.0011387,0.0011387
89,8648.12,1.77866,1.18042,1.00638,0.51784,0.39513,0.39124,0.17004,1.85125,1.31084,1.04157,0.0011288,0.0011288,0.0011288
90,8700.42,1.77805,1.19559,1.00984,0.51201,0.3934,0.38621,0.16787,1.86013,1.31606,1.04526,0.0011189,0.0011189,0.0011189
91,8801.19,1.76634,1.17864,1.00609,0.50326,0.39327,0.38654,0.17094,1.84278,1.30827,1.03858,0.001109,0.001109,0.001109
92,8883.3,1.76214,1.16119,1.00664,0.51568,0.39426,0.3865,0.17044,1.8508,1.33002,1.04302,0.0010991,0.0010991,0.0010991
93,8939.61,1.76352,1.1706,1.00669,0.52239,0.39965,0.39605,0.17315,1.83982,1.30152,1.03514,0.0010892,0.0010892,0.0010892
94,8982.7,1.7603,1.15924,1.00486,0.51411,0.39574,0.39003,0.17101,1.84627,1.31416,1.0367,0.0010793,0.0010793,0.0010793
95,9047.21,1.7603,1.16124,1.00228,0.51531,0.39279,0.38914,0.1692,1.85056,1.31293,1.04434,0.0010694,0.0010694,0.0010694
96,9143.78,1.75923,1.16284,1.00629,0.51461,0.39222,0.39023,0.16737,1.86067,1.32903,1.0401,0.0010595,0.0010595,0.0010595
97,9243.48,1.74879,1.16351,1.00284,0.51589,0.39557,0.39224,0.17416,1.84165,1.29107,1.04047,0.0010496,0.0010496,0.0010496
98,9458.97,1.76209,1.16944,1.00619,0.51203,0.39096,0.38899,0.16883,1.85598,1.32297,1.03755,0.0010397,0.0010397,0.0010397
99,9530.68,1.75274,1.14801,0.99667,0.52003,0.40113,0.39334,0.17383,1.83272,1.29838,1.03677,0.0010298,0.0010298,0.0010298
100,9610.63,1.7527,1.15656,0.99744,0.52523,0.39709,0.39547,0.17395,1.84317,1.29315,1.03927,0.0010199,0.0010199,0.0010199
101,9704.16,1.74928,1.14419,1.00462,0.51764,0.39996,0.39287,0.17254,1.84692,1.31501,1.04125,0.00101,0.00101,0.00101
102,9783.34,1.74278,1.14355,1.00015,0.52146,0.40091,0.39964,0.17551,1.83437,1.29255,1.04082,0.0010001,0.0010001,0.0010001
103,9931.6,1.74246,1.14135,0.99843,0.52174,0.40343,0.39663,0.17432,1.83524,1.29331,1.03578,0.0009902,0.0009902,0.0009902
104,9994,1.75811,1.1503,0.99801,0.51701,0.39883,0.39522,0.17264,1.84742,1.30932,1.04148,0.0009803,0.0009803,0.0009803
105,10045.7,1.75429,1.1465,0.99832,0.51401,0.39833,0.39139,0.16979,1.85607,1.31867,1.04321,0.0009704,0.0009704,0.0009704
106,10114.4,1.74885,1.14178,0.99685,0.52242,0.39709,0.39684,0.17363,1.84398,1.29109,1.0387,0.0009605,0.0009605,0.0009605
107,10189.1,1.74115,1.13876,0.9969,0.52629,0.39603,0.39368,0.17404,1.83273,1.29442,1.04003,0.0009506,0.0009506,0.0009506
108,10236.1,1.72864,1.13544,0.99505,0.51991,0.40148,0.39736,0.17363,1.84415,1.29502,1.04023,0.0009407,0.0009407,0.0009407
109,10294.3,1.73509,1.13478,0.99297,0.51987,0.39857,0.39407,0.17275,1.83444,1.30742,1.04307,0.0009308,0.0009308,0.0009308
110,10331.1,1.74217,1.14121,0.99873,0.51959,0.39652,0.39212,0.17161,1.84883,1.31235,1.04346,0.0009209,0.0009209,0.0009209
111,10397.7,1.73609,1.13064,0.99663,0.51564,0.40235,0.39323,0.17255,1.84648,1.29822,1.0456,0.000911,0.000911,0.000911
112,10479.9,1.71568,1.11256,0.99427,0.52068,0.40048,0.39546,0.17432,1.83738,1.29865,1.03964,0.0009011,0.0009011,0.0009011
113,10557.8,1.72861,1.1263,0.99578,0.52116,0.40091,0.39603,0.17408,1.84402,1.29182,1.03992,0.0008912,0.0008912,0.0008912
114,10648.5,1.72994,1.13028,0.99016,0.51572,0.39505,0.38788,0.16888,1.862,1.32093,1.04721,0.0008813,0.0008813,0.0008813
115,10715.6,1.72585,1.10976,0.99393,0.51658,0.40282,0.39898,0.17493,1.83829,1.29183,1.03847,0.0008714,0.0008714,0.0008714
116,10763.7,1.71767,1.11853,0.98692,0.52223,0.40078,0.39561,0.17338,1.84025,1.30479,1.03844,0.0008615,0.0008615,0.0008615
117,10845.3,1.70168,1.10315,0.99064,0.51474,0.39991,0.38926,0.17137,1.8459,1.31861,1.04251,0.0008516,0.0008516,0.0008516
118,10927.2,1.72072,1.1143,0.98461,0.52147,0.399,0.39315,0.17134,1.86748,1.3009,1.04439,0.0008417,0.0008417,0.0008417
119,10972.9,1.7035,1.09571,0.98069,0.52185,0.39822,0.39495,0.1735,1.84368,1.30664,1.04414,0.0008318,0.0008318,0.0008318
120,11063.5,1.71034,1.10813,0.98548,0.51808,0.40478,0.39513,0.17339,1.8399,1.31216,1.0409,0.0008219,0.0008219,0.0008219
121,11120.9,1.71033,1.10868,0.98762,0.52429,0.40217,0.39426,0.17429,1.83852,1.29642,1.04326,0.000812,0.000812,0.000812
122,11201.9,1.70719,1.11124,0.98674,0.52462,0.40043,0.39711,0.17377,1.84376,1.29993,1.04362,0.0008021,0.0008021,0.0008021
123,11335.7,1.69522,1.10004,0.98409,0.52238,0.40387,0.39693,0.17465,1.84473,1.30641,1.04194,0.0007922,0.0007922,0.0007922
124,11414.3,1.71193,1.09388,0.98813,0.51392,0.40169,0.39234,0.17294,1.85046,1.29364,1.0464,0.0007823,0.0007823,0.0007823
125,11490.4,1.70764,1.10086,0.9876,0.5276,0.39783,0.39874,0.17442,1.84317,1.2989,1.04282,0.0007724,0.0007724,0.0007724
126,11627.7,1.69373,1.08617,0.98503,0.52403,0.39948,0.39589,0.17269,1.85038,1.30216,1.04542,0.0007625,0.0007625,0.0007625
127,11690.6,1.69819,1.08761,0.98084,0.51635,0.39544,0.3891,0.17031,1.8549,1.31916,1.04499,0.0007526,0.0007526,0.0007526
128,11755.1,1.69843,1.10199,0.9876,0.51659,0.39935,0.39412,0.17314,1.85033,1.29158,1.04758,0.0007427,0.0007427,0.0007427
129,11809.7,1.68116,1.0804,0.98624,0.52919,0.39671,0.39475,0.17376,1.84018,1.29666,1.04507,0.0007328,0.0007328,0.0007328
130,11950.6,1.69931,1.07904,0.98472,0.52234,0.39909,0.39655,0.17282,1.84866,1.29752,1.04508,0.0007229,0.0007229,0.0007229
131,12003.8,1.70119,1.07987,0.98172,0.52321,0.4003,0.39789,0.17432,1.85066,1.29517,1.04447,0.000713,0.000713,0.000713
132,12079.1,1.6863,1.08618,0.98612,0.52117,0.39616,0.39077,0.17167,1.8472,1.30549,1.04358,0.0007031,0.0007031,0.0007031
133,12125.5,1.69211,1.07913,0.98372,0.52817,0.39709,0.39716,0.17491,1.84294,1.28624,1.04567,0.0006932,0.0006932,0.0006932
134,12220.1,1.67614,1.07032,0.9794,0.52377,0.4003,0.39806,0.17455,1.84935,1.29063,1.04663,0.0006833,0.0006833,0.0006833
135,12296.5,1.67175,1.07171,0.98036,0.51876,0.40348,0.39548,0.17337,1.85524,1.30135,1.04896,0.0006734,0.0006734,0.0006734
136,12446.6,1.67257,1.07292,0.97799,0.52232,0.40352,0.39806,0.17604,1.84202,1.28678,1.04865,0.0006635,0.0006635,0.0006635
137,12487.8,1.676,1.06863,0.98075,0.52039,0.40531,0.39799,0.17573,1.83875,1.28881,1.04366,0.0006536,0.0006536,0.0006536
138,12536.2,1.67591,1.06667,0.97679,0.52376,0.40143,0.39883,0.17516,1.84144,1.29693,1.04419,0.0006437,0.0006437,0.0006437
139,12596.3,1.68161,1.06719,0.97716,0.51636,0.40404,0.39559,0.17306,1.8577,1.30959,1.05178,0.0006338,0.0006338,0.0006338
140,12678.2,1.67338,1.06453,0.98002,0.52697,0.40185,0.39835,0.17499,1.84717,1.29464,1.04529,0.0006239,0.0006239,0.0006239
141,12761.2,1.68284,1.06985,0.97745,0.52204,0.40326,0.39706,0.17501,1.84263,1.29864,1.04516,0.000614,0.000614,0.000614
142,12822.7,1.68803,1.07015,0.97769,0.51931,0.40117,0.39727,0.17378,1.84715,1.2999,1.04749,0.0006041,0.0006041,0.0006041
143,12884.1,1.65991,1.05291,0.9741,0.52193,0.40248,0.3963,0.175,1.84479,1.28559,1.04742,0.0005942,0.0005942,0.0005942
144,12935.9,1.67974,1.05711,0.9714,0.51811,0.40613,0.39532,0.17459,1.84671,1.29631,1.04833,0.0005843,0.0005843,0.0005843
145,12984.7,1.65512,1.04112,0.97171,0.52534,0.40252,0.39803,0.17485,1.84836,1.30755,1.04861,0.0005744,0.0005744,0.0005744
146,13188.8,1.66158,1.05501,0.97169,0.51982,0.40487,0.39789,0.17386,1.84824,1.29655,1.0477,0.0005645,0.0005645,0.0005645
147,13253.3,1.66211,1.04079,0.9773,0.52247,0.402,0.39544,0.17333,1.84592,1.29839,1.04759,0.0005546,0.0005546,0.0005546
148,13312.1,1.64136,1.0377,0.97058,0.51947,0.40613,0.39827,0.17337,1.85171,1.30178,1.04491,0.0005447,0.0005447,0.0005447
149,13367.6,1.65682,1.05515,0.97676,0.51628,0.40656,0.39683,0.1737,1.84826,1.29399,1.04618,0.0005348,0.0005348,0.0005348
150,13466.6,1.67618,1.05796,0.97166,0.51677,0.40278,0.39504,0.17394,1.84786,1.30394,1.04787,0.0005249,0.0005249,0.0005249
151,13643,1.64445,1.03251,0.97031,0.52075,0.40304,0.39782,0.17444,1.84089,1.29657,1.04769,0.000515,0.000515,0.000515
152,13713.9,1.65946,1.04115,0.97115,0.52074,0.40196,0.39493,0.17313,1.8491,1.29908,1.0461,0.0005051,0.0005051,0.0005051
153,13781.1,1.65519,1.038,0.97078,0.51513,0.40308,0.39436,0.17294,1.84699,1.30822,1.04517,0.0004952,0.0004952,0.0004952
154,13919.8,1.64499,1.03022,0.97044,0.51108,0.40747,0.39632,0.17289,1.84999,1.31053,1.04625,0.0004853,0.0004853,0.0004853
155,13981.3,1.67014,1.05509,0.97037,0.52413,0.40065,0.39534,0.17311,1.84449,1.29616,1.04642,0.0004754,0.0004754,0.0004754
156,14065.4,1.65427,1.03609,0.96648,0.51778,0.40261,0.3959,0.17425,1.84619,1.30019,1.04747,0.0004655,0.0004655,0.0004655
157,14149.3,1.66002,1.03844,0.97122,0.51518,0.40385,0.39487,0.17256,1.85345,1.30836,1.04656,0.0004556,0.0004556,0.0004556
158,14195.4,1.64346,1.03562,0.96834,0.52103,0.39977,0.39391,0.17224,1.85224,1.30496,1.04332,0.0004457,0.0004457,0.0004457
159,14238.3,1.64591,1.03094,0.97231,0.52612,0.40217,0.39769,0.1744,1.84276,1.29806,1.04355,0.0004358,0.0004358,0.0004358
160,14306.2,1.62538,1.01036,0.96658,0.52605,0.3987,0.39628,0.17365,1.84609,1.29969,1.04879,0.0004259,0.0004259,0.0004259
161,14369.2,1.64206,1.02859,0.97302,0.52552,0.39909,0.39648,0.17424,1.84653,1.29781,1.04716,0.000416,0.000416,0.000416
162,14539.4,1.63196,1.01949,0.96587,0.51961,0.40156,0.39704,0.17334,1.84979,1.29983,1.04523,0.0004061,0.0004061,0.0004061
163,14616.7,1.63753,1.03188,0.96523,0.5175,0.40543,0.39704,0.17444,1.84394,1.29523,1.04867,0.0003962,0.0003962,0.0003962
164,14718.8,1.64074,1.02359,0.9677,0.52591,0.39652,0.3961,0.17365,1.84711,1.30586,1.04635,0.0003863,0.0003863,0.0003863
165,14792.9,1.63919,1.02368,0.9636,0.52263,0.40004,0.39707,0.17456,1.84257,1.3038,1.04777,0.0003764,0.0003764,0.0003764
166,14878.5,1.63635,1.01783,0.96844,0.52106,0.40043,0.39759,0.17398,1.84945,1.30159,1.04734,0.0003665,0.0003665,0.0003665
167,14968,1.62619,1.01265,0.96674,0.51975,0.40491,0.39846,0.17498,1.84545,1.2986,1.04646,0.0003566,0.0003566,0.0003566
168,15024.9,1.62879,1.01581,0.96035,0.52451,0.3991,0.39881,0.1754,1.84743,1.30111,1.04543,0.0003467,0.0003467,0.0003467
169,15083.1,1.62046,1.01073,0.96057,0.51653,0.39891,0.39343,0.17255,1.85406,1.30759,1.04874,0.0003368,0.0003368,0.0003368
170,15169.6,1.64101,1.0187,0.96516,0.52368,0.40009,0.39729,0.17402,1.85109,1.29788,1.04824,0.0003269,0.0003269,0.0003269
171,15231.7,1.62283,1.01452,0.96723,0.52247,0.40291,0.39601,0.17299,1.85115,1.29779,1.04925,0.000317,0.000317,0.000317
172,15278.6,1.63107,1.01265,0.96107,0.52103,0.40443,0.39604,0.17339,1.8489,1.29917,1.04864,0.0003071,0.0003071,0.0003071
173,15426.9,1.62528,1.00847,0.95811,0.51757,0.40352,0.39584,0.1734,1.84967,1.2982,1.05114,0.0002972,0.0002972,0.0002972
174,15568.2,1.62174,1.00099,0.96489,0.52122,0.40088,0.39554,0.17395,1.8537,1.29703,1.0505,0.0002873,0.0002873,0.0002873
175,15667.2,1.62509,1.01178,0.96084,0.51978,0.40287,0.39526,0.17346,1.85121,1.30433,1.04987,0.0002774,0.0002774,0.0002774
176,15709,1.61503,0.99867,0.96385,0.51634,0.40449,0.39478,0.17361,1.84719,1.30096,1.04759,0.0002675,0.0002675,0.0002675
177,15767,1.62131,1.00179,0.9619,0.51426,0.40456,0.39422,0.1725,1.85389,1.302,1.04917,0.0002576,0.0002576,0.0002576
178,15959.8,1.60671,0.99533,0.95641,0.51811,0.40447,0.39675,0.17307,1.85327,1.30755,1.04916,0.0002477,0.0002477,0.0002477
179,16055.4,1.61953,0.99713,0.96119,0.51484,0.40404,0.39489,0.17288,1.85217,1.30373,1.05178,0.0002378,0.0002378,0.0002378
180,16154,1.60389,0.99477,0.95882,0.51778,0.40552,0.3966,0.17345,1.85316,1.30568,1.05059,0.0002279,0.0002279,0.0002279
181,16224.3,1.6187,1.00045,0.96086,0.51897,0.40539,0.39546,0.17313,1.85414,1.30536,1.05074,0.000218,0.000218,0.000218
182,16363.2,1.61119,0.99351,0.96216,0.51767,0.40521,0.39604,0.17402,1.8464,1.30305,1.04967,0.0002081,0.0002081,0.0002081
183,16450.6,1.59581,0.99061,0.96579,0.52041,0.40395,0.39522,0.17394,1.8473,1.30287,1.05011,0.0001982,0.0001982,0.0001982
184,16516.6,1.61587,1.00148,0.96469,0.51749,0.40308,0.39428,0.17313,1.85295,1.30475,1.05278,0.0001883,0.0001883,0.0001883
185,16601.6,1.60327,0.99402,0.95768,0.51636,0.40326,0.39559,0.17304,1.8525,1.30537,1.05134,0.0001784,0.0001784,0.0001784
186,16670.6,1.59765,0.99253,0.95981,0.51405,0.40434,0.39426,0.17298,1.85041,1.30247,1.05247,0.0001685,0.0001685,0.0001685
187,16715.7,1.60273,0.98854,0.95505,0.51772,0.40217,0.39495,0.17347,1.85179,1.30529,1.05186,0.0001586,0.0001586,0.0001586
188,16797,1.61232,0.98888,0.9582,0.51759,0.40213,0.3951,0.1734,1.85442,1.30658,1.05238,0.0001487,0.0001487,0.0001487
189,16858.3,1.59761,0.98658,0.95562,0.51892,0.40222,0.39438,0.17279,1.85342,1.30676,1.05244,0.0001388,0.0001388,0.0001388
190,16913.4,1.59976,0.97829,0.95362,0.51743,0.40222,0.3949,0.17236,1.85728,1.30824,1.05282,0.0001289,0.0001289,0.0001289
191,16966.6,1.58655,0.99807,0.96444,0.5218,0.3957,0.39094,0.17061,1.85754,1.31738,1.05473,0.000119,0.000119,0.000119
192,17018.9,1.57585,0.97736,0.95258,0.51789,0.39748,0.39026,0.16962,1.8627,1.316,1.0578,0.0001091,0.0001091,0.0001091
193,17059.6,1.56296,0.96413,0.95455,0.51503,0.3997,0.38987,0.17047,1.86288,1.31282,1.05639,9.92e-05,9.92e-05,9.92e-05
194,17098.4,1.56876,0.96376,0.95386,0.51622,0.39775,0.39027,0.17046,1.86239,1.31404,1.0544,8.93e-05,8.93e-05,8.93e-05
195,17148.8,1.55663,0.95546,0.95409,0.52139,0.39518,0.39061,0.17044,1.86258,1.31304,1.05475,7.94e-05,7.94e-05,7.94e-05
196,17205.8,1.55877,0.95868,0.95246,0.5196,0.39754,0.39174,0.17089,1.86314,1.31301,1.05653,6.95e-05,6.95e-05,6.95e-05
197,17258.2,1.55758,0.95758,0.94972,0.51882,0.39774,0.39143,0.17126,1.86194,1.31121,1.05605,5.96e-05,5.96e-05,5.96e-05
198,17308,1.55975,0.95854,0.9522,0.51896,0.39774,0.39213,0.17084,1.86335,1.31191,1.05517,4.97e-05,4.97e-05,4.97e-05
199,17349.6,1.56182,0.9503,0.94878,0.52029,0.39957,0.3924,0.17119,1.86471,1.31147,1.05667,3.98e-05,3.98e-05,3.98e-05
200,17459.3,1.55848,0.96032,0.94801,0.51801,0.39987,0.39243,0.17134,1.86374,1.31154,1.05619,2.99e-05,2.99e-05,2.99e-05
